Filename,Time (s),tangent fit left angle,tangent fit right angle,polynomial fit left angle,polynomial fit right angle,circle fit left angle,circle fit right angle,ellipse fit left angle,ellipse fit right angle,YL fit left angle,YL fit right angle,ML model left angle,ML model right angle
E:/Desktop/Project/OpenDrop_OP/experimental_data_set/2-s@M@Z-121.057571411132.bmp,0.0,106.58982008209401,106.00970874906452,111.39968457034102,116.4272650025444,106.75427880311354,108.03609508476643,110.48567733441783,112.4551233253991,110.53691275167786,110.53691275167786,106.75969,105.355705,
E:/Desktop/Project/OpenDrop_OP/experimental_data_set/2-s@M@Z-122.639770507812.bmp,0.0,114.48467672061955,111.31328392941926,118.56903483361576,118.40005442427575,114.42954574778778,112.13041546623826,119.09866102483741,115.78182780119685,116.09120521172639,116.09120521172639,110.1487,108.74503,
E:/Desktop/Project/OpenDrop_OP/experimental_data_set/3.bmp,0.0,137.61490654234868,136.63292203684546,138.63349434385086,140.68196563528025,135.54724085170287,135.15719926865134,139.54921412348696,139.46302418037783,144.7578947368421,144.7578947368421,105.06288,104.57005,
