Filename,Time (s),tangent fit left angle,tangent fit right angle,ellipse fit left angle,ellipse fit right angle,YL fit left angle,YL fit right angle,ML model left angle,ML model right angle
E:/Desktop/Project/OpenDrop_OP/experimental_data_set/2-s@M@Z-121.057571411132.bmp,0.0,106.58982008209401,106.00970874906452,110.48567733441783,112.4551233253991,110.53691275167786,110.53691275167786,106.75969,105.355705,
E:/Desktop/Project/OpenDrop_OP/experimental_data_set/2-s@M@Z-122.639770507812.bmp,0.0,114.48467672061955,111.31328392941926,119.09866102483741,115.78182780119685,116.09120521172639,116.09120521172639,110.1487,108.74503,
